{
    "metrics": {
        "iteration_duration": {
            "avg": 375.48893866349874,
            "min": 0.232097,
            "med": 44.282625,
            "max": 60036.455873,
            "p(90)": 57.117368,
            "p(95)": 75.79888429999991
        },
        "iterations": {
            "count": 1234943,
            "rate": 3742.1315943942086
        },
        "http_reqs": {
            "count": 1234943,
            "rate": 3742.1315943942086
        },
        "http_req_tls_handshaking": {
            "avg": 0,
            "min": 0,
            "med": 0,
            "max": 0,
            "p(90)": 0,
            "p(95)": 0
        },
        "http_req_waiting": {
            "max": 58998.403103,
            "p(90)": 13.418443400000003,
            "p(95)": 30.6354525,
            "avg": 331.5717747268438,
            "min": 0.074999,
            "med": 1.831787
        },
        "http_req_blocked": {
            "p(95)": 0.0115,
            "avg": 1.4625857006463783,
            "min": 0.0014,
            "med": 0.0057,
            "max": 4103.755252,
            "p(90)": 0.0092
        },
        "vus_max": {
            "value": 1500,
            "min": 1500,
            "max": 1500
        },
        "http_req_failed": {
            "passes": 1234943,
            "fails": 0,
            "value": 1
        },
        "http_req_connecting": {
            "avg": 1.4528241390833432,
            "min": 0,
            "med": 0,
            "max": 4103.713652,
            "p(90)": 0,
            "p(95)": 0
        },
        "http_req_receiving": {
            "avg": 42.299521681885494,
            "min": 0,
            "med": 42.760249,
            "max": 1167.602187,
            "p(90)": 44.2245226,
            "p(95)": 44.8312137
        },
        "http_req_duration": {
            "avg": 373.8958679349885,
            "min": 0.188398,
            "med": 44.166328,
            "max": 58998.469102,
            "p(90)": 56.86262720000003,
            "p(95)": 75.52694399999997
        },
        "vus": {
            "value": 300,
            "min": 300,
            "max": 1500
        },
        "http_req_sending": {
            "p(95)": 0.035399,
            "avg": 0.024571526254239588,
            "min": 0.0052,
            "med": 0.016499,
            "max": 110.625896,
            "p(90)": 0.027399
        },
        "data_sent": {
            "count": 90172739,
            "rate": 273241.9679005127
        },
        "data_received": {
            "count": 171471229,
            "rate": 519593.1339102327
        }
    },
    "root_group": {
        "name": "",
        "path": "",
        "id": "d41d8cd98f00b204e9800998ecf8427e",
        "groups": {},
        "checks": {}
    }
}